{
    "data_location": "s3://ml-data/rummikub/billing/datasets/age_v1.csv",
    "id_col_name": "msisdn",
    "target_col": "AGE",
    "default_params": {"auto_class_weights": "Balanced", "verbose": false},
    "allow_set_alias": "true",
	"model_name": "gender_prediction_model_v1",
    "metrics": ["Precision", "Recall", "F1", "TotalF1:average=Macro", "TotalF1:average=Micro", "Accuracy"],
	"label_placeholder": "81+",
    "label_map":
    {
        "0": "0-18",
        "1": "0-18",
        "2": "0-18",
        "3": "0-18",
        "4": "0-18",
        "5": "0-18",
        "6": "0-18",
        "7": "0-18",
        "8": "0-18",
        "9": "0-18",
        "10": "0-18",
        "11": "0-18",
        "12": "0-18",
        "13": "0-18",
        "14": "0-18",
        "15": "0-18",
        "16": "0-18",
        "17": "0-18",
        "18": "0-18",
        "19": "19-30",
        "20": "19-30",
        "21": "19-30",
        "22": "19-30",
        "23": "19-30",
        "24": "19-30",
        "25": "19-30",
        "26": "19-30",
        "27": "19-30",
        "28": "19-30",
        "29": "19-30",
        "30": "19-30",
        "31": "31-50",
        "32": "31-50",
        "33": "31-50",
        "34": "31-50",
        "35": "31-50",
        "36": "31-50",
        "37": "31-50",
        "38": "31-50",
        "39": "31-50",
        "40": "31-50",
        "41": "31-50",
        "42": "31-50",
        "43": "31-50",
        "44": "31-50",
        "45": "31-50",
        "46": "31-50",
        "47": "31-50",
        "48": "31-50",
        "49": "31-50",
        "50": "31-50",
        "51": "51-80",
        "52": "51-80",
        "53": "51-80",
        "54": "51-80",
        "55": "51-80",
        "56": "51-80",
        "57": "51-80",
        "58": "51-80",
        "59": "51-80",
        "60": "51-80",
        "61": "51-80",
        "62": "51-80",
        "63": "51-80",
        "64": "51-80",
        "65": "51-80",
        "66": "51-80",
        "67": "51-80",
        "68": "51-80",
        "69": "51-80",
        "70": "51-80",
        "71": "51-80",
        "72": "51-80",
        "73": "51-80",
        "74": "51-80",
        "75": "51-80",
        "76": "51-80",
        "77": "51-80",
        "78": "51-80",
        "79": "51-80",
        "80": "51-80"
    }
}