{
    "data_location": "s3://ml-data/rummikub/billing/datasets/age_v1.csv",
    "id_col_name": "msisdn",
    "target_col": "AGE",
    "allow_set_alias": "true",
    "default_params": {"auto_class_weights": "Balanced", "verbose": false},
    "model_name": "gender_prediction_model_v2",
    "label_placeholder": "81+",
    "label_map":
    {
        "0": "0-15",
        "1": "0-15",
        "2": "0-15",
        "3": "0-15",
        "4": "0-15",
        "5": "0-15",
        "6": "0-15",
        "7": "0-15",
        "8": "0-15",
        "9": "0-15",
        "10": "0-15",
        "11": "0-15",
        "12": "0-15",
        "13": "0-15",
        "14": "0-15",
        "15": "0-15",
        "16": "16-22",
        "17": "16-22",
        "18": "16-22",
        "19": "16-22",
        "20": "16-22",
        "21": "16-22",
        "22": "16-22",
        "23": "23-29",
        "24": "23-29",
        "25": "23-29",
        "26": "23-29",
        "27": "23-29",
        "28": "23-29",
        "29": "23-29",
        "30": "30-40",
        "31": "30-40",
        "32": "30-40",
        "33": "30-40",
        "34": "30-40",
        "35": "30-40",
        "36": "30-40",
        "37": "30-40",
        "38": "30-40",
        "39": "30-40",
        "40": "30-40",
        "41": "41-55",
        "42": "41-55",
        "43": "41-55",
        "44": "41-55",
        "45": "41-55",
        "46": "41-55",
        "47": "41-55",
        "48": "41-55",
        "49": "41-55",
        "50": "41-55",
        "51": "41-55",
        "52": "41-55",
        "53": "41-55",
        "54": "41-55",
        "55": "41-55",
        "56": "56-70",
        "57": "56-70",
        "58": "56-70",
        "59": "56-70",
        "60": "56-70",
        "61": "56-70",
        "62": "56-70",
        "63": "56-70",
        "64": "56-70",
        "65": "56-70",
        "66": "56-70",
        "67": "56-70",
        "68": "56-70",
        "69": "56-70",
        "70": "56-70",
        "71": "71-80",
        "72": "71-80",
        "73": "71-80",
        "74": "71-80",
        "75": "71-80",
        "76": "71-80",
        "77": "71-80",
        "78": "71-80",
        "79": "71-80",
        "80": "71-80"
    }
}