{
    "df": {
        "median_s_duration": [0.0],
        "percent_l_15_s_sessions": [0.68],
        "median_not_null_s_duration": [38.0],
        "percent_in_l_15_s_sessions": [null],
        "perc_85_out_s_duration": [40.39999999999999],
        "max_not_null_out_s_duration": [316.0],
        "percent_out_g_60_s_sessions": [0.12],
        "median_not_null_out_s_duration": [38.0],
        "median_not_null_in_s_duration": [null],
        "median_out_s_duration": [0.0],
        "perc_85_s_duration": [40.39999999999999],
        "percent_g_15_s_sessions": [0.2],
        "percent_not_null_out_g_30_s_sessions": [0.5555555555555556],
        "max_out_s_duration": [316.0],
        "percent_not_null_out_l_15_s_sessions": [0.1111111111111111],
        "percent_in_g_60_s_sessions": [null],
        "percent_g_60_s_sessions": [0.12],
        "percent_not_null_g_60_s_sessions": [0.3333333333333333],
        "percent_not_null_in_l_15_s_sessions": [null],
        "max_in_s_duration": [null],
        "percent_not_null_g_15_s_sessions": [0.5555555555555556],
        "percent_g_30_s_sessions": [0.2],
        "percent_in_g_15_s_sessions": [null],
        "max_not_null_s_duration": [316.0],
        "percent_out_l_15_s_sessions": [0.68],
        "max_not_null_in_s_duration": [null],
        "percent_out_g_30_s_sessions": [0.2],
        "percent_in_g_30_s_sessions": [null],
        "perc_85_in_s_duration": [null],
        "perc_85_not_null_s_duration": [116.6],
        "percent_not_null_in_g_15_s_sessions": [null],
        "percent_not_null_in_g_30_s_sessions": [null],
        "median_in_s_duration": [null],
        "percent_not_null_out_g_60_s_sessions": [0.3333333333333333],
        "percent_out_g_15_s_sessions": [0.2],
        "max_s_duration": [316],
        "percent_not_null_out_g_15_s_sessions": [0.5555555555555556],
        "perc_85_not_null_out_s_duration": [116.6],
        "percent_not_null_g_30_s_sessions": [0.5555555555555556],
        "perc_85_not_null_in_s_duration": [null],
        "percent_not_null_in_g_60_s_sessions": [null],
        "percent_not_null_l_15_s_sessions": [0.1111111111111111],
        "perc_85_in_interlocutor_by_year": [null],
        "perc_85_not_null_out_interlocutor_by_year": [9.0],
        "median_not_null_interlocutor_by_year": [9.0],
        "median_not_null_out_interlocutor_by_year": [9.0],
        "median_in_interlocutor_by_year": [null],
        "max_not_null_out_interlocutor_by_year": [9.0],
        "max_not_null_in_interlocutor_by_year": [null],
        "median_interlocutor_by_year": [13.0],
        "perc_85_not_null_in_interlocutor_by_year": [null],
        "max_in_interlocutor_by_year": [null],
        "median_out_interlocutor_by_year": [13.0],
        "median_not_null_in_interlocutor_by_year": [null],
        "max_not_null_interlocutor_by_year": [9.0],
        "perc_85_out_interlocutor_by_year": [13.0],
        "perc_85_not_null_interlocutor_by_year": [9.0],
        "perc_85_interlocutor_by_year": [13.0],
        "max_out_interlocutor_by_year": [13.0],
        "max_interlocutor_by_year": [13],
        "perc_85_not_null_in_interlocutor_by_month": [null],
        "max_interlocutor_by_month": [13],
        "max_not_null_in_interlocutor_by_month": [null],
        "perc_85_not_null_out_interlocutor_by_month": [9.0],
        "median_out_interlocutor_by_month": [13.0],
        "max_not_null_interlocutor_by_month": [9.0],
        "perc_85_interlocutor_by_month": [13.0],
        "perc_85_out_interlocutor_by_month": [13.0],
        "median_not_null_in_interlocutor_by_month": [null],
        "median_not_null_out_interlocutor_by_month": [9.0],
        "max_not_null_out_interlocutor_by_month": [9.0],
        "max_in_interlocutor_by_month": [null],
        "median_in_interlocutor_by_month": [null],
        "perc_85_not_null_interlocutor_by_month": [9.0],
        "median_interlocutor_by_month": [13.0],
        "perc_85_in_interlocutor_by_month": [null],
        "median_not_null_interlocutor_by_month": [9.0],
        "max_out_interlocutor_by_month": [13.0],
        "median_out_interlocutor_by_day": [1.0],
        "median_interlocutor_by_day": [1.0],
        "max_interlocutor_by_day": [2],
        "perc_85_in_interlocutor_by_day": [null],
        "max_in_interlocutor_by_day": [null],
        "max_not_null_out_interlocutor_by_day": [2.0],
        "max_out_interlocutor_by_day": [2.0],
        "perc_85_not_null_interlocutor_by_day": [2.0],
        "perc_85_out_interlocutor_by_day": [2.0],
        "perc_85_interlocutor_by_day": [2.0],
        "median_not_null_in_interlocutor_by_day": [null],
        "perc_85_not_null_out_interlocutor_by_day": [2.0],
        "max_not_null_interlocutor_by_day": [2.0],
        "max_not_null_in_interlocutor_by_day": [null],
        "median_not_null_out_interlocutor_by_day": [1.0],
        "median_not_null_interlocutor_by_day": [1.0],
        "median_in_interlocutor_by_day": [null],
        "perc_85_not_null_in_interlocutor_by_day": [null],
        "not_null_in_sunday_part_sessions": [null],
        "sunday_part_sessions": [0.16],
        "not_null_out_tuesday_part_sessions": [0.1111111111111111],
        "in_monday_part_sessions": [null],
        "thursday_part_sessions": [0.08],
        "tuesday_part_sessions": [0.2],
        "not_null_out_sunday_part_sessions": [0.0],
        "in_tuesday_part_sessions": [null],
        "out_thursday_part_sessions": [0.08],
        "in_thursday_part_sessions": [null],
        "not_null_thursday_part_sessions": [0.0],
        "out_tuesday_part_sessions": [0.2],
        "not_null_out_wednesday_part_sessions": [0.1111111111111111],
        "out_saturday_part_sessions": [0.2],
        "in_saturday_part_sessions": [null],
        "in_wednesday_part_sessions": [null],
        "monday_part_sessions": [0.08],
        "not_null_out_monday_part_sessions": [0.2222222222222222],
        "not_null_wednesday_part_sessions": [0.1111111111111111],
        "friday_part_sessions": [0.16],
        "not_null_in_saturday_part_sessions": [null],
        "wednesday_part_sessions": [0.12],
        "not_null_sunday_part_sessions": [0.0],
        "not_null_in_wednesday_part_sessions": [null],
        "not_null_saturday_part_sessions": [0.3333333333333333],
        "not_null_in_thursday_part_sessions": [null],
        "in_friday_part_sessions": [null],
        "out_wednesday_part_sessions": [0.12],
        "out_friday_part_sessions": [0.16],
        "not_null_in_tuesday_part_sessions": [null],
        "out_sunday_part_sessions": [0.16],
        "not_null_out_thursday_part_sessions": [0.0],
        "saturday_part_sessions": [0.2],
        "not_null_in_monday_part_sessions": [null],
        "not_null_tuesday_part_sessions": [0.1111111111111111],
        "not_null_friday_part_sessions": [0.2222222222222222],
        "in_sunday_part_sessions": [null],
        "not_null_in_friday_part_sessions": [null],
        "out_monday_part_sessions": [0.08],
        "not_null_out_friday_part_sessions": [0.2222222222222222],
        "not_null_out_saturday_part_sessions": [0.3333333333333333],
        "not_null_monday_part_sessions": [0.2222222222222222]
    },
    "model_name": "gender_prediction_model"
}